,salad,fries,burger,shake,salad_percent,fries_percent,burger_percent,shake_percent,loc_group_1,loc_group_2,loc_group_3,noon,evening,night
0,1.940694676171538,2.2585772789321,0.31788260275988334,0.10365539208304408,0.42786852975466677,0.49120096118051854,0.06333243142585138,0.017598077638962872,0.8053389959048393,0.07514030031860439,0.11952070377670923,0.943515850143926,0.021143637190921938,0.013408160170046535
1,0.1762460169541139,3.6621174773043057,3.4858714603500833,3.301298623217858,0.017236952760393026,0.3451909933489663,0.32795404058855326,0.3096180133020673,0.13001262550361095,0.058738652077286846,0.8112487224191218,0.0035171045509987953,0.9200084170023941,0.0042085011725602195
2,0.03846723326106405,1.795818650241628,1.7573514169800446,0.31748052948022987,0.0096672653091949,0.46756420161910045,0.4578969363098603,0.06487159676179896,0.11167046699644484,0.7983653646833999,0.08996416832002396,0.010038792975617161,0.004708460422243099,0.9805442861799355
