group,location,order_hour,weekday_order,salad,fries,burger,shake,main,burger_ratio,shake_ratio,n_type,location_1,location_2,location_3,location_4,location_5,location_6,location_7,location_8,location_9,lunch,dinner,supper
0,5.359428600686089,12.143464236342226,0.7149147509088116,0.06113358250985613,2.0840714761148944,2.022937893605038,1.7130715273155497,2.0840714761148944,0.9694332087450719,0.8339733415254332,3.0611335825098562,0.040806922328605805,0.1715221954841022,0.0426501459218678,0.16179407096410833,0.03783728431723926,0.1745942348062055,0.16307408734831805,0.04730940556039117,0.16041165326916185,0.07541856535763658,0.5417029337975526,0.3828785008448108
1,4.273740470666224,4.298351010938018,0.7112611866092144,0.0,1.5637222406363938,1.5637222406363938,0.0,1.5637222406363938,1.0,0.0,2.0,0.03658435531985416,0.38452933377527343,0.04043752071594299,0.030038117335101092,0.0287122969837587,0.3785217103082532,0.0292094796155121,0.04023036128604574,0.03173682466025853,0.046610871726881005,0.004806098773616175,0.9485830294995028
2,5.903511974299065,16.303081191588785,0.7160484813084113,0.4645882009345794,4.2312353971962615,3.7666471962616823,3.3039208528037385,4.2312353971962615,0.8825563424844105,0.7776747468847146,3.272524824766355,0.047349591121495324,0.06089369158878505,0.04658294392523365,0.22634345794392524,0.046948014018691586,0.06114924065420561,0.22689106308411214,0.055198598130841124,0.2286433995327103,0.09780227803738317,0.8207505841121495,0.0814471378504673
3,4.524204415880584,12.12376904737224,0.7141771189661725,1.977022217615148,2.162088386717805,0.18506616910265714,0.0,2.162088386717805,0.07264492127661859,0.0,2.174942123630835,0.19308247814519194,0.048788915379565326,0.19463736567499396,0.041360008292733494,0.19646867765453854,0.05041290902180298,0.04305310804740679,0.19176946200891468,0.040427075774852286,0.9267820738744342,0.029508310010020387,0.04370961611554542
